<?xml version="1.0"?>
<doc>
    <assembly>
        <name>Dfd.ScmClientOIDCTokenProvider</name>
    </assembly>
    <members>
        <member name="T:Microsoft.Internal.Security.DevOps.ScmClient.AdoOpenIdTokenProvider">
            <summary>
            ADO OpenId Token Provider implementation to fetch OIDC Token.
            </summary>
        </member>
        <member name="M:Microsoft.Internal.Security.DevOps.ScmClient.AdoOpenIdTokenProvider.#ctor(System.Net.Http.HttpClient)">
            <summary>
            Initializes a new instance of the <see cref="T:Microsoft.Internal.Security.DevOps.ScmClient.AdoOpenIdTokenProvider"/> class.
            </summary>
            <param name="httpClient">Http client instance</param>
        </member>
        <member name="M:Microsoft.Internal.Security.DevOps.ScmClient.AdoOpenIdTokenProvider.ExtractOpenIdTokenFromResponse(System.Net.Http.HttpResponseMessage)">
            <inheritdoc/>
        </member>
        <member name="M:Microsoft.Internal.Security.DevOps.ScmClient.AdoOpenIdTokenProvider.GetAccessToken">
            <inheritdoc/>
        </member>
        <member name="M:Microsoft.Internal.Security.DevOps.ScmClient.AdoOpenIdTokenProvider.GetOpenIdTokenProviderUrl">
            <inheritdoc/>
        </member>
        <member name="P:Microsoft.Internal.Security.DevOps.ScmClient.AdoOpenIdTokenProvider.AdoTokenResponse.OidcToken">
            <summary>
            OIDC Token.
            </summary>
        </member>
        <member name="T:Microsoft.Internal.Security.DevOps.ScmClient.DfdScmTokenClientException">
            <summary>
            Exception when attempting to get SCM OIDC Token from SCM.
            service.
            </summary>
        </member>
        <member name="M:Microsoft.Internal.Security.DevOps.ScmClient.DfdScmTokenClientException.#ctor(System.Net.HttpStatusCode,System.String)">
            <summary>
            Initializes a new instance of the <see cref="T:Microsoft.Internal.Security.DevOps.ScmClient.DfdScmTokenClientException"/> class.
            </summary>
            <param name="errorCode">Programmatically readable error code.</param>
            <param name="message">Human readable error message for diagnostics.</param>
        </member>
        <member name="M:Microsoft.Internal.Security.DevOps.ScmClient.DfdScmTokenClientException.#ctor">
            <summary>
            Initializes a new instance of the <see cref="T:Microsoft.Internal.Security.DevOps.ScmClient.DfdScmTokenClientException"/> class.
            </summary>
        </member>
        <member name="M:Microsoft.Internal.Security.DevOps.ScmClient.DfdScmTokenClientException.#ctor(System.String)">
            <summary>
            Initializes a new instance of the <see cref="T:Microsoft.Internal.Security.DevOps.ScmClient.DfdScmTokenClientException"/> class.
            </summary>
            <param name="message">Human readable error message for diagnostics.</param>
        </member>
        <member name="M:Microsoft.Internal.Security.DevOps.ScmClient.DfdScmTokenClientException.#ctor(System.String,System.Exception)">
            <summary>
            Initializes a new instance of the <see cref="T:Microsoft.Internal.Security.DevOps.ScmClient.DfdScmTokenClientException"/> class.
            </summary>
            <param name="message">Human readable error message for diagnostics.</param>
            <param name="innerException">Inner excepion.</param>
        </member>
        <member name="P:Microsoft.Internal.Security.DevOps.ScmClient.DfdScmTokenClientException.ErrorCode">
            <summary>
            Gets the programmatically readable error code.
            </summary>
        </member>
        <member name="P:Microsoft.Internal.Security.DevOps.ScmClient.DfdScmTokenClientException.ErrorMessage">
            <summary>
            Gets the human readable error message for diagnostics.
            </summary>
            <remarks>Not intended to be exposed to end users.</remarks>
        </member>
        <member name="T:Microsoft.Internal.Security.DevOps.ScmClient.GenericTokenOpenIdTokenProvider">
            <summary>
            Generic Token Provider implementation  for handling DfdProviderTokens scenarios to fetch OIDC Token.
            </summary>
        </member>
        <member name="F:Microsoft.Internal.Security.DevOps.ScmClient.GenericTokenOpenIdTokenProvider.ACCESSTOKEN_ENVIRONMENT_VARIABLE">
            <summary>
            Environment variable which has Microsoft Defender for Cloud Token.
            </summary>
        </member>
        <member name="F:Microsoft.Internal.Security.DevOps.ScmClient.GenericTokenOpenIdTokenProvider.TOKEN_PROVIDER_URL_ENVIRONMENT_VARIABLE">
            <summary>
            Environment variable which has Dfd Token provider service url.
            </summary>
        </member>
        <member name="M:Microsoft.Internal.Security.DevOps.ScmClient.GenericTokenOpenIdTokenProvider.#ctor(System.Net.Http.HttpClient)">
            <summary>
            Initializes a new instance of the <see cref="T:Microsoft.Internal.Security.DevOps.ScmClient.GenericTokenOpenIdTokenProvider"/> class.
            </summary>
        </member>
        <member name="M:Microsoft.Internal.Security.DevOps.ScmClient.GenericTokenOpenIdTokenProvider.ExtractOpenIdTokenFromResponse(System.Net.Http.HttpResponseMessage)">
            <inheritdoc/>
        </member>
        <member name="M:Microsoft.Internal.Security.DevOps.ScmClient.GenericTokenOpenIdTokenProvider.GetAccessToken">
            <inheritdoc/>
        </member>
        <member name="M:Microsoft.Internal.Security.DevOps.ScmClient.GenericTokenOpenIdTokenProvider.GetOpenIdTokenProviderUrl">
            <inheritdoc/>
        </member>
        <member name="P:Microsoft.Internal.Security.DevOps.ScmClient.GenericTokenOpenIdTokenProvider.DfdProviderTokenResponse.OidcToken">
            <summary>
            OIDC Token.
            </summary>
        </member>
        <member name="T:Microsoft.Internal.Security.DevOps.ScmClient.GithubOpenIdTokenProvider">
            <summary>
            Github OpenId Token Provider implementation to fetch OIDC Token.
            </summary>
        </member>
        <member name="M:Microsoft.Internal.Security.DevOps.ScmClient.GithubOpenIdTokenProvider.#ctor(System.Net.Http.HttpClient)">
            <summary>
            Initializes a new instance of the <see cref="T:Microsoft.Internal.Security.DevOps.ScmClient.GithubOpenIdTokenProvider"/> class.
            </summary>
        </member>
        <member name="M:Microsoft.Internal.Security.DevOps.ScmClient.GithubOpenIdTokenProvider.ExtractOpenIdTokenFromResponse(System.Net.Http.HttpResponseMessage)">
            <inheritdoc/>
        </member>
        <member name="M:Microsoft.Internal.Security.DevOps.ScmClient.GithubOpenIdTokenProvider.GetAccessToken">
            <inheritdoc/>
        </member>
        <member name="M:Microsoft.Internal.Security.DevOps.ScmClient.GithubOpenIdTokenProvider.GetOpenIdTokenProviderUrl">
            <inheritdoc/>
        </member>
        <member name="P:Microsoft.Internal.Security.DevOps.ScmClient.GithubOpenIdTokenProvider.GithubTokenResponse.OidcToken">
            <summary>
            OIDC Token.
            </summary>
        </member>
        <member name="T:Microsoft.Internal.Security.DevOps.ScmClient.IOpenIdTokenProvider">
            <summary>
            TokenProvider contract to fetch OIDC Token from the SCM clients such as Ado, Githubs, etc.
            </summary>
        </member>
        <member name="M:Microsoft.Internal.Security.DevOps.ScmClient.IOpenIdTokenProvider.GetOpenIdJWTAsync">
            <summary>
            Fetches OIDC JWT from the SCM it is running on.
            </summary>
            <returns></returns>
        </member>
        <member name="T:Microsoft.Internal.Security.DevOps.ScmClient.MsalOpenIdTokenProvider">
            <summary>
            Implementation of <see cref="T:Microsoft.Internal.Security.DevOps.ScmClient.IOpenIdTokenProvider"/> using
            MSAL calls.
            </summary>
        </member>
        <member name="F:Microsoft.Internal.Security.DevOps.ScmClient.MsalOpenIdTokenProvider.TenantIdEnvVar">
            <summary>
            Environment variable name for the MSAL tenant id.
            </summary>
        </member>
        <member name="F:Microsoft.Internal.Security.DevOps.ScmClient.MsalOpenIdTokenProvider.ClientIdEnvVar">
            <summary>
            Environment variable name for the MSAL client id.
            </summary>
        </member>
        <member name="F:Microsoft.Internal.Security.DevOps.ScmClient.MsalOpenIdTokenProvider.ClientSecretEnvVar">
            <summary>
            Environment variable name for the MSAL client secret.
            </summary>
        </member>
        <member name="M:Microsoft.Internal.Security.DevOps.ScmClient.MsalOpenIdTokenProvider.GetOpenIdJWTAsync">
            <inheritdoc/>
        </member>
        <member name="T:Microsoft.Internal.Security.DevOps.ScmClient.OpenIdTokenProviderBase">
            <summary>
            Base class for SCM client's Open ID Token provider implementation.
            Detail Design document - https://microsoft.sharepoint.com/:w:/t/CSPMDevSecOpsTeam/ESYS4xzV5ThKrswjTbLN6ooBb_hqqnf6I3G-reJ_rdYmgA?e=dBE36r
            </summary>
        </member>
        <member name="M:Microsoft.Internal.Security.DevOps.ScmClient.OpenIdTokenProviderBase.#ctor(System.Net.Http.HttpClient)">
            <summary>
            Initializes a new instance of the <see cref="T:Microsoft.Internal.Security.DevOps.ScmClient.OpenIdTokenProviderBase"/> class.
            </summary>
            <param name="httpClient">HttpsClient instance</param>
        </member>
        <member name="M:Microsoft.Internal.Security.DevOps.ScmClient.OpenIdTokenProviderBase.GetAccessToken">
            <summary>
            Gets the access token based on the current context of execution.
            </summary>
            <returns></returns>
        </member>
        <member name="M:Microsoft.Internal.Security.DevOps.ScmClient.OpenIdTokenProviderBase.GetOpenIdTokenProviderUrl">
            <summary>
            Gets the OIDC Token provider SCM API Url.
            </summary>
            <returns></returns>
        </member>
        <member name="M:Microsoft.Internal.Security.DevOps.ScmClient.OpenIdTokenProviderBase.ExtractOpenIdTokenFromResponse(System.Net.Http.HttpResponseMessage)">
            <summary>
            Extracts the OIDC Token from SCM API reponse.
            </summary>
            <returns></returns>
        </member>
        <member name="M:Microsoft.Internal.Security.DevOps.ScmClient.OpenIdTokenProviderBase.GetOpenIdJWTAsync">
            <summary>
            Fetches OpenId JWT token from the SCM API for the given access token.
            </summary>
        </member>
        <member name="M:Microsoft.Internal.Security.DevOps.ScmClient.OpenIdTokenProviderBase.AddRequestHeaders(System.Net.Http.HttpRequestMessage,System.String)">
            <summary>
            Adds Auth and Accept headers.
            </summary>
            <param name="requestMessage">HttpRequestMessage.</param>
            <param name="token">The access token to use.</param>
        </member>
        <member name="M:Microsoft.Internal.Security.DevOps.ScmClient.OpenIdTokenProviderBase.ExecuteRequestAsync(System.Net.Http.HttpRequestMessage)">
            <summary>
            Sends HttpRequest and returns service exceptions on errors.
            </summary>
            <param name="requestMessage"><see cref="T:System.Net.Http.HttpRequestMessage"/>.</param>
            <returns><see cref="T:System.Net.Http.HttpRequestMessage"/>.</returns>
            <exception cref="T:Microsoft.Internal.Security.DevOps.ScmClient.DfdScmTokenClientException">.</exception>
        </member>
        <member name="M:Microsoft.Internal.Security.DevOps.ScmClient.OpenIdTokenProviderBase.DeserializeHttpResponseMessageAsync``1(System.Net.Http.HttpResponseMessage)">
            <summary>
            Deserializes the <see cref="T:System.Net.Http.HttpResponseMessage"/>.
            </summary>
            <typeparam name="T">Type to be deserialized to.</typeparam>
            <param name="responseMessage"><see cref="T:System.Net.Http.HttpResponseMessage"/>.</param>
            <returns><see cref="T:System.Threading.Tasks.Task`1"/>.</returns>
        </member>
        <member name="M:Microsoft.Internal.Security.DevOps.ScmClient.OpenIdTokenProviderBase.GetEnvironmentVariable(System.String,System.Boolean)">
            <summary>
            Gets the environmental variable.
            </summary>
            <param name="name">name of the environment variable</param>
            <param name="isMandatory">denotes if it is mandatory variable</param>
            <returns></returns>
            <exception cref="T:Microsoft.Internal.Security.DevOps.ScmClient.DfdScmTokenClientException"></exception>
        </member>
        <member name="T:Microsoft.Internal.Security.DevOps.ScmClient.ScmTokenProviderFactory">
            <summary>
            Factory for initializing an <see cref="T:Microsoft.Internal.Security.DevOps.ScmClient.IOpenIdTokenProvider"/> based on the <see cref="T:Microsoft.Internal.Security.DevOps.Models.Contracts.GlobalRouter.ScmSystem"/> of the request.
            </summary>
        </member>
        <member name="M:Microsoft.Internal.Security.DevOps.ScmClient.ScmTokenProviderFactory.#ctor(System.IServiceProvider)">
            <summary>
            Initializes a new instance of the <see cref="T:Microsoft.Internal.Security.DevOps.ScmClient.ScmTokenProviderFactory"/> class.
            </summary>
            <param name="serviceProvider">Service provider</param>
        </member>
        <member name="M:Microsoft.Internal.Security.DevOps.ScmClient.ScmTokenProviderFactory.#ctor(System.Net.Http.HttpClient)">
            <summary>
            Initializes a new instance of the <see cref="T:Microsoft.Internal.Security.DevOps.ScmClient.ScmTokenProviderFactory"/> class.
            Constructor for token provider factory class which accepts LoggerFactory and HttpClient.
            </summary>
            <param name="httpClient"></param>
        </member>
        <member name="M:Microsoft.Internal.Security.DevOps.ScmClient.ScmTokenProviderFactory.GetInstance(Microsoft.Internal.Security.DevOps.Models.Contracts.GlobalRouter.ScmSystem)">
            <summary>
            Returns an <see cref="T:Microsoft.Internal.Security.DevOps.ScmClient.IOpenIdTokenProvider"/> based on the <see cref="T:Microsoft.Internal.Security.DevOps.Models.Contracts.GlobalRouter.ScmSystem"/> of the request.
            </summary>
            <param name="scmSystem">The SCM for which to return token provider.</param>
            <returns>A concrete instance of IOpenIdTokenProvider.</returns>
            <exception cref="T:Microsoft.Internal.Security.DevOps.ScmClient.DfdScmTokenClientException"></exception>
        </member>
    </members>
</doc>
