<?xml version="1.0"?>
<doc>
    <assembly>
        <name>Dfd.Models.GlobalRouterContracts</name>
    </assembly>
    <members>
        <member name="T:Microsoft.Internal.Security.DevOps.Models.Contracts.GlobalRouter.DataStoreFileDetails">
            <summary>
            Contains details of files uploaded to data store.
            </summary>
        </member>
        <member name="P:Microsoft.Internal.Security.DevOps.Models.Contracts.GlobalRouter.DataStoreFileDetails.DataStoreCredentialUrl">
            <summary>
            Credential url of the data store where the files are uploaded.
            </summary>
        </member>
        <member name="P:Microsoft.Internal.Security.DevOps.Models.Contracts.GlobalRouter.DataStoreFileDetails.RelativeFilePaths">
            <summary>
            Relative file path from store.
            </summary>
        </member>
        <member name="T:Microsoft.Internal.Security.DevOps.Models.Contracts.GlobalRouter.PublishScanResultRequest">
            <summary>
            Global router PublishScanResult API request contract.
            </summary>
        </member>
        <member name="P:Microsoft.Internal.Security.DevOps.Models.Contracts.GlobalRouter.PublishScanResultRequest.StoreFileDetails">
            <summary>
            Relative file path from store.
            </summary>
        </member>
        <member name="T:Microsoft.Internal.Security.DevOps.Models.Contracts.GlobalRouter.ScanContextRequestOptions">
            <summary>
            Callers of GetScanContext can specify the context they want for the response.
            By default, the value returned from that function is a SAS token and URI to a policy endpoint.
            For now, the only other option is for the request query to contain the parameter context=authOnly,
            in which case the function will return an "OK" response with no accompanying data on succesful authentication.
            </summary>
        </member>
        <member name="F:Microsoft.Internal.Security.DevOps.Models.Contracts.GlobalRouter.ScanContextRequestOptions.QueryParamName">
            <summary>
            Name of the query parameter that specifies the context of the request.
            </summary>
        </member>
        <member name="F:Microsoft.Internal.Security.DevOps.Models.Contracts.GlobalRouter.ScanContextRequestOptions.AuthOnly">
            <summary>
            The caller wants only to know whether their auth is valid.
            </summary>
        </member>
        <member name="T:Microsoft.Internal.Security.DevOps.Models.Contracts.GlobalRouter.ScanContextResponse">
            <summary>
            Global Router returns this ScanContext back to the MSDO client during the initial handshake.
            </summary>
        </member>
        <member name="P:Microsoft.Internal.Security.DevOps.Models.Contracts.GlobalRouter.ScanContextResponse.DataStoreCredentialUrl">
            <summary>
            Gets or sets the data store credential Url. Example: SAS URL in case of Azure Blob Storage.
            </summary>
        </member>
        <member name="P:Microsoft.Internal.Security.DevOps.Models.Contracts.GlobalRouter.ScanContextResponse.PolicyUrl">
            <summary>
            Gets or sets the policy reterival Url. Example: HTTP URL.
            </summary>
        </member>
        <member name="T:Microsoft.Internal.Security.DevOps.Models.Contracts.GlobalRouter.ScmSystem">
            <summary>
            Represents the SCM (source code management) tools supported
            </summary>
        </member>
        <member name="F:Microsoft.Internal.Security.DevOps.Models.Contracts.GlobalRouter.ScmSystem.GitHub">
            <summary>
            GitHub
            </summary>
        </member>
        <member name="F:Microsoft.Internal.Security.DevOps.Models.Contracts.GlobalRouter.ScmSystem.AzureDevOps">
            <summary>
            AzureDevOps
            </summary>
        </member>
        <member name="F:Microsoft.Internal.Security.DevOps.Models.Contracts.GlobalRouter.ScmSystem.GitLab">
            <summary>
            GitLab
            </summary>
        </member>
        <member name="F:Microsoft.Internal.Security.DevOps.Models.Contracts.GlobalRouter.ScmSystem.Other">
            <summary>
            Other
            </summary>
            <remarks>This is not an external SCM like the ones listed above.
            We will use this to represent SCM systems that have no OIDC support and are onboarded
            to DFD using the DFD provider token, generated through MDC integrations RP.</remarks>
        </member>
        <member name="T:Microsoft.Internal.Security.DevOps.Models.Contracts.GlobalRouter.V1.Remediations.RegionalContextResponse">
            <summary>
            Represents the response containing regional context information for Remediations.
            </summary>
            <remarks>
            - This response is returned by the Global Router service to direct clients to
            the appropriate regional endpoint for Remediations.
            
            - It includes the URL for the regional Remediations service and the connector ID
            to optimize subsequent service calls.
            </remarks>
        </member>
        <member name="P:Microsoft.Internal.Security.DevOps.Models.Contracts.GlobalRouter.V1.Remediations.RegionalContextResponse.RemediationsUrl">
            <summary>
            Gets or sets the regional Remediations Url. Example: HTTP URL.
            </summary>
        </member>
        <member name="P:Microsoft.Internal.Security.DevOps.Models.Contracts.GlobalRouter.V1.Remediations.RegionalContextResponse.ConnectorId">
            <summary>
            Gets or sets the connector Id.
            </summary>
            <remarks>
            Used to provide the connector Id to the client. Then provided to
            Remediations service to reduce the number of calls to Metadata service.
            </remarks>
        </member>
    </members>
</doc>
