<?xml version="1.0"?>
<doc>
    <assembly>
        <name>Dfd.ScmClientScanResultPublisher</name>
    </assembly>
    <members>
        <member name="T:Microsoft.Internal.Security.DevOps.ScmClient.BlobResultUploader">
            <summary>
            Uploads the given file or folder content to blob storage.
            </summary>
        </member>
        <member name="M:Microsoft.Internal.Security.DevOps.ScmClient.BlobResultUploader.#ctor(Azure.Storage.Blobs.BlobContainerClient)">
            <summary>
            Initializes a new instance of the <see cref="T:Microsoft.Internal.Security.DevOps.ScmClient.BlobResultUploader"/> class.
            </summary>
        </member>
        <member name="M:Microsoft.Internal.Security.DevOps.ScmClient.BlobResultUploader.#ctor(Azure.Storage.Blobs.BlobContainerClient,System.Int32,System.Int32)">
            <summary>
            Initializes a new instance of the <see cref="T:Microsoft.Internal.Security.DevOps.ScmClient.BlobResultUploader"/> class.
            </summary>
            <param name="blobContainerClient"></param>
            <param name="maxConcurrency">Max concurrency</param>
            <param name="maxTransferSize">Max transfer size</param>
        </member>
        <member name="M:Microsoft.Internal.Security.DevOps.ScmClient.BlobResultUploader.UploadFileOrFolderAsync(System.String,System.Boolean,System.String)">
            <summary>
            The method uploads a given file or list of files in a folder path to the blob container.
            </summary>
            <param name="fileOrFolderPath"></param>
            <param name="isCompressionRequired">Is compression required</param>
            <param name="blobFolderPrefix"></param>
            <returns></returns>
        </member>
        <member name="M:Microsoft.Internal.Security.DevOps.ScmClient.BlobResultUploader.UploadFileAsync(System.String,System.String,System.Boolean)">
            <summary>
            The method uploads a file to the blob container
            </summary>
            <param name="filePath">path of file to be uploaded</param>
            <param name="blobFolderPrefix">Blob path prefix</param>
            <param name="isCompressionRequired">Is compression required</param>
            <returns></returns>
        </member>
        <member name="T:Microsoft.Internal.Security.DevOps.ScmClient.IGlobalRouterApiClient">
            <summary>
            Contract which defines GlobalRouter API.
            </summary>
        </member>
        <member name="T:Microsoft.Internal.Security.DevOps.ScmClient.IResultUploader">
            <summary>
            Contract for scan result uploader.
            </summary>
        </member>
        <member name="M:Microsoft.Internal.Security.DevOps.ScmClient.IResultUploader.UploadFileOrFolderAsync(System.String,System.Boolean,System.String)">
            <summary>
            Upload a given folder or file to the store.
            </summary>
            <param name="fileOrFolderPath">Folder path to be uploaded.</param>
            <param name="isCompressionRequired">is compression required?</param>
            <param name="prefix">Prefix of target folder store path.</param>
            <returns>List of updated file paths.</returns>
        </member>
        <member name="T:Microsoft.Internal.Security.DevOps.ScmClient.IScanResultPublisher">
            <summary>
            ScanResultPublisher contract which is used to publish scan results to Dfd backend service.
            </summary>
        </member>
        <member name="M:Microsoft.Internal.Security.DevOps.ScmClient.IScanResultPublisher.InitializeAsync(Microsoft.Internal.Security.DevOps.Models.Contracts.GlobalRouter.ScmSystem,System.Boolean)">
            <summary>
            Initializes ScanResultPublisher by fetching JWT from the SCM and keeps it available for subsequent Dfd backend service call.
            </summary>
            <param name="scmSystem">Scm provider to initialize</param>
            <param name="force">Force the re-initialization</param>
            <returns></returns>
        </member>
        <member name="M:Microsoft.Internal.Security.DevOps.ScmClient.IScanResultPublisher.GetScanContextAsync(System.Boolean)">
            <summary>
            Initial handshake call with Dfd backend service which returns scan metadata information. 
            </summary>
            <returns></returns>
        </member>
        <member name="M:Microsoft.Internal.Security.DevOps.ScmClient.IScanResultPublisher.PublishScanResultsAsync(System.String,Microsoft.Internal.Security.DevOps.ScmClient.IResultUploader,System.String)">
            <summary>
            Publishes the scan files to blob storage and calls Dfd backend service to kick start the processing of it. 
            </summary>
            <param name="fileOrFolderPath">File or folder path</param>
            <param name="resultUploader">Store uploader</param>
            <param name="dataStoreCredentialUrl">Data store credential Url</param>
            <returns></returns>
        </member>
        <member name="M:Microsoft.Internal.Security.DevOps.ScmClient.IScanResultPublisher.SetPublisherRunOptions(Microsoft.Internal.Security.DevOps.ScmClient.ScmResultPublisherRunOptions)">
            <summary>
            Set Publisher Run Options. 
            </summary>
        </member>
        <member name="T:Microsoft.Internal.Security.DevOps.ScmClient.ScanPublisherContextResponse">
            <summary>
            Processed global router scan context response,
            including policy results.
            </summary>
        </member>
        <member name="P:Microsoft.Internal.Security.DevOps.ScmClient.ScanPublisherContextResponse.DataStoreCredentialUrl">
            <summary>
            Gets or sets the data store credential Url. Example: SAS URL in case of Azure Blob Storage.
            </summary>
        </member>
        <member name="P:Microsoft.Internal.Security.DevOps.ScmClient.ScanPublisherContextResponse.PolicyFileContents">
            <summary>
            Gets or sets the policy file context, retrieved from GR.
            </summary>
        </member>
        <member name="T:Microsoft.Internal.Security.DevOps.ScmClient.ScanResultPublisher">
            <summary>
            Publishes the scan result from SCM to Dfd backend service.
            </summary>
        </member>
        <member name="F:Microsoft.Internal.Security.DevOps.ScmClient.ScanResultPublisher.GlobalRouterApi_GetScanContext">
            <summary>
            Global Router GetScanContext API name.
            </summary>
        </member>
        <member name="F:Microsoft.Internal.Security.DevOps.ScmClient.ScanResultPublisher.GlobalRouterApi_PublishScanMetadata">
            <summary>
            Global Router PublishScanMetadata API name.
            </summary>
        </member>
        <member name="M:Microsoft.Internal.Security.DevOps.ScmClient.ScanResultPublisher.#ctor(System.Func{Microsoft.Internal.Security.DevOps.Models.Contracts.GlobalRouter.ScmSystem,Microsoft.Internal.Security.DevOps.ScmClient.IOpenIdTokenProvider},System.Net.Http.HttpClient)">
            <summary>
            Initializes a new instance of the <see cref="T:Microsoft.Internal.Security.DevOps.ScmClient.ScanResultPublisher"/> class.
            </summary>
            <param name="tokenProviderFactory"></param>
            <param name="httpClient"></param>
        </member>
        <member name="M:Microsoft.Internal.Security.DevOps.ScmClient.ScanResultPublisher.InitializeAsync(Microsoft.Internal.Security.DevOps.Models.Contracts.GlobalRouter.ScmSystem,System.Boolean)">
            <summary>
            Initializes ScanResultPublisher by fetching JWT from SCM API and caching it.
            </summary>
            <param name="scmSystem"></param>
            <param name="force"></param>
            <returns></returns>
            <exception cref="T:Microsoft.Internal.Security.DevOps.ScmClient.ScmResultPublisherException"></exception>
        </member>
        <member name="M:Microsoft.Internal.Security.DevOps.ScmClient.ScanResultPublisher.GetScanContextAsync(System.Boolean)">
            <summary>
            Gets the scan metadata details from Dfd backend service(Dfd Global Router Service)
            </summary>
            <returns></returns>
            <exception cref="T:Microsoft.Internal.Security.DevOps.ScmClient.ScmResultPublisherException"></exception>
        </member>
        <member name="M:Microsoft.Internal.Security.DevOps.ScmClient.ScanResultPublisher.PublishScanResultsAsync(System.String,Microsoft.Internal.Security.DevOps.ScmClient.IResultUploader,System.String)">
            <summary>
            Publishes the given output file or directory content to Data Store (Example: Blob) 
            and requests Dfd backend service to start processing.
            </summary>
            <param name="fileOrFolderPath">File or folder path to be uploaded.</param>
            <param name="resultUploader">Data store result uploader</param>
            <param name="dataStoreCredentialUrl">Data store credential Url</param>
            <returns></returns>
            <exception cref="T:System.ArgumentNullException"></exception>
        </member>
        <member name="M:Microsoft.Internal.Security.DevOps.ScmClient.ScanResultPublisher.SetPublisherRunOptions(Microsoft.Internal.Security.DevOps.ScmClient.ScmResultPublisherRunOptions)">
            <inheritdoc/>
        </member>
        <member name="M:Microsoft.Internal.Security.DevOps.ScmClient.ScanResultPublisher.AddRequestHeaders(System.Net.Http.HttpRequestMessage,System.String)">
            <summary>
            Adds Auth and Accept headers.
            </summary>
            <param name="requestMessage">HttpRequestMessage.</param>
            <param name="token">The access token to use.</param>
        </member>
        <member name="M:Microsoft.Internal.Security.DevOps.ScmClient.ScanResultPublisher.SetHttpContent``1(``0,System.Net.Http.HttpRequestMessage)">
            <summary>
            Add object as http request content.
            </summary>
            <param name="requestObj">Object to be added to request.</param>
            <param name="request"><see cref="T:System.Net.Http.HttpRequestMessage"/></param>
        </member>
        <member name="M:Microsoft.Internal.Security.DevOps.ScmClient.ScanResultPublisher.DoPolicyFetch(System.Boolean,System.String,Microsoft.Internal.Security.DevOps.Models.Contracts.GlobalRouter.ScanContextResponse)">
            <summary>
            Attempt to fetch policy from global router.
            </summary>
            <param name="doRemotePolicy"></param>
            <param name="oidcToken"></param>
            <param name="context"></param>
            <returns></returns>
        </member>
        <member name="M:Microsoft.Internal.Security.DevOps.ScmClient.ScanResultPublisher.ExecuteRequestAsync(System.Net.Http.HttpRequestMessage)">
            <summary>
            Sends HttpRequest and returns service exceptions on errors.
            </summary>
            <param name="requestMessage"><see cref="T:System.Net.Http.HttpRequestMessage"/>.</param>
            <returns><see cref="T:System.Net.Http.HttpRequestMessage"/>.</returns>
            <exception cref="T:Microsoft.Internal.Security.DevOps.ScmClient.DfdScmTokenClientException">.</exception>
        </member>
        <member name="M:Microsoft.Internal.Security.DevOps.ScmClient.ScanResultPublisher.DeserializeHttpResponseMessageAsync``1(System.Net.Http.HttpResponseMessage)">
            <summary>
            Deserializes the <see cref="T:System.Net.Http.HttpResponseMessage"/>.
            </summary>
            <typeparam name="T">Type to be deserialized to.</typeparam>
            <param name="responseMessage"><see cref="T:System.Net.Http.HttpResponseMessage"/>.</param>
            <returns><see cref="T:System.Threading.Tasks.Task`1"/>.</returns>
        </member>
        <member name="T:Microsoft.Internal.Security.DevOps.ScmClient.ScmResultPublisherException">
            <summary>
            Exception when attempting publishing scan results.
            service.
            </summary>
        </member>
        <member name="M:Microsoft.Internal.Security.DevOps.ScmClient.ScmResultPublisherException.#ctor(System.Net.HttpStatusCode,System.String)">
            <summary>
            Initializes a new instance of the <see cref="T:Microsoft.Internal.Security.DevOps.ScmClient.ScmResultPublisherException"/> class.
            </summary>
            <param name="errorCode">Programmatically readable error code.</param>
            <param name="message">Human readable error message for diagnostics.</param>
        </member>
        <member name="M:Microsoft.Internal.Security.DevOps.ScmClient.ScmResultPublisherException.#ctor">
            <summary>
            Initializes a new instance of the <see cref="T:Microsoft.Internal.Security.DevOps.ScmClient.ScmResultPublisherException"/> class.
            </summary>
        </member>
        <member name="M:Microsoft.Internal.Security.DevOps.ScmClient.ScmResultPublisherException.#ctor(System.String)">
            <summary>
            Initializes a new instance of the <see cref="T:Microsoft.Internal.Security.DevOps.ScmClient.ScmResultPublisherException"/> class.
            </summary>
            <param name="message">Human readable error message for diagnostics.</param>
        </member>
        <member name="M:Microsoft.Internal.Security.DevOps.ScmClient.ScmResultPublisherException.#ctor(System.String,System.Exception)">
            <summary>
            Initializes a new instance of the <see cref="T:Microsoft.Internal.Security.DevOps.ScmClient.ScmResultPublisherException"/> class.
            </summary>
            <param name="message">Human readable error message for diagnostics.</param>
            <param name="innerException">Inner excepion.</param>
        </member>
        <member name="P:Microsoft.Internal.Security.DevOps.ScmClient.ScmResultPublisherException.ErrorCode">
            <summary>
            Gets the programmatically readable error code.
            </summary>
        </member>
        <member name="P:Microsoft.Internal.Security.DevOps.ScmClient.ScmResultPublisherException.ErrorMessage">
            <summary>
            Gets the human readable error message for diagnostics.
            </summary>
            <remarks>Not intended to be exposed to end users.</remarks>
        </member>
        <member name="T:Microsoft.Internal.Security.DevOps.ScmClient.ScmResultPublisherRunOptions">
            <summary>
            Configuration required for ScmClientScanResultPublisher to run.
            </summary>
        </member>
        <member name="P:Microsoft.Internal.Security.DevOps.ScmClient.ScmResultPublisherRunOptions.BaseUrlPathToApiService">
            <summary>
            Base Url path of GlobalRouter Api.
            </summary>
        </member>
        <member name="P:Microsoft.Internal.Security.DevOps.ScmClient.ScmResultPublisherRunOptions.MaxResultUploadChunkSize">
            <summary>
            Base Url path of GlobalRouter Api.
            </summary>
        </member>
        <member name="P:Microsoft.Internal.Security.DevOps.ScmClient.ScmResultPublisherRunOptions.MaxResultUploadConcurrency">
            <summary>
            Base Url path of GlobalRouter Api.
            </summary>
        </member>
        <member name="M:Microsoft.Internal.Security.DevOps.ScmClient.ScmResultPublisherRunOptions.#ctor(System.String)">
            <summary>
            Initializes a new instance of the <see cref="T:Microsoft.Internal.Security.DevOps.ScmClient.ScmResultPublisherRunOptions"/> class.
            </summary>
            <param name="baseUrlPathToApiService"></param>
        </member>
    </members>
</doc>
